PersonNumber;SpeakerFullName;Gender;Rat;Partei;Fraktion;PMCount;TotalDuration;TotalWords;TotalSessions;TotalTranscripts
1288;Amherd Viola;f;Bundesrat;Christlichdemokratische Volkspartei der Schweiz;;0;10085;21094;15;51
4036;Streiff-Feller Marianne;f;Nationalrat;Evangelische Volkspartei der Schweiz;CVP-Fraktion;0;4643;8381;10;20
514;Stahl Jürg;m;Nationalrat;Schweizerische Volkspartei;Fraktion der Schweizerischen Volkspartei;910;65847;159704;13;1132
321;Föhn Peter;m;Ständerat;Schweizerische Volkspartei;Fraktion der Schweizerischen Volkspartei;0;38417;67718;14;130
1124;de Buman Dominique;m;Nationalrat;Christlichdemokratische Volkspartei der Schweiz;CVP-Fraktion;1115;107447;228596;15;1409
4134;Munz Martina;f;Nationalrat;Sozialdemokratische Partei der Schweiz;Sozialdemokratische Fraktion;0;16487;28110;15;88
4183;Marchand-Balet Géraldine;f;Nationalrat;Christlichdemokratische Volkspartei der Schweiz;CVP-Fraktion;0;5919;15447;10;26
4049;Aebischer Matthias;m;Nationalrat;Sozialdemokratische Partei der Schweiz;Sozialdemokratische Fraktion;0;7986;18572;15;68
1346;Moret Isabelle;f;Nationalrat;FDP.Die Liberalen;FDP-Liberale Fraktion;0;17545;48568;15;130
4129;Herzog Verena;f;Nationalrat;Schweizerische Volkspartei;Fraktion der Schweizerischen Volkspartei;0;12909;25882;14;77
74;Eymann Christoph;m;Nationalrat;Liberal-Demokratische Partei;FDP-Liberale Fraktion;0;1184;2607;6;7
4181;Gmür-Schönenberger Andrea;f;Nationalrat;Christlichdemokratische Volkspartei der Schweiz;CVP-Fraktion;0;11779;23936;14;69
806;Graf Maya;f;Nationalrat;Grüne Partei der Schweiz;Grüne Fraktion;0;18348;34509;15;108
4091;Reynard Mathias;m;Nationalrat;Sozialdemokratische Partei der Schweiz;Sozialdemokratische Fraktion;0;16284;42053;14;101
1161;Berset Alain;m;Bundesrat;Sozialdemokratische Partei der Schweiz;;0;140452;379372;15;653
4066;Quadranti Rosmarie;f;Nationalrat;Bürgerlich-Demokratische Partei Schweiz;Fraktion BD;0;17906;41226;15;107
724;Brélaz Daniel;m;Nationalrat;Grüne Partei der Schweiz;Grüne Fraktion;0;18856;50802;14;76
4108;Chevalley Isabelle;f;Nationalrat;Grünliberale Partei;Grünliberale Fraktion;0;9039;24118;15;81
4061;Hardegger Thomas;m;Nationalrat;Sozialdemokratische Partei der Schweiz;Sozialdemokratische Fraktion;0;9324;17471;14;40
4062;Keller-Sutter Karin;f;Bundesrat;FDP.Die Liberalen;;0;72618;142857;13;1069
146;Maurer Ueli;m;Bundesrat;Schweizerische Volkspartei;;0;162478;392763;15;912
4218;Kälin Irène;f;Nationalrat;Grüne Partei der Schweiz;Grüne Fraktion;0;1080;2763;2;5
4151;Dittli Josef;m;Ständerat;FDP.Die Liberalen;FDP-Liberale Fraktion;0;25737;50172;12;104
4112;Minder Thomas;m;Ständerat;parteilos;Fraktion der Schweizerischen Volkspartei;0;31716;69151;13;87
4135;Clottu Raymond;m;Nationalrat;parteilos;Fraktion der Schweizerischen Volkspartei;0;12085;28265;14;92
3916;Hêche Claude;m;Ständerat;Sozialdemokratische Partei der Schweiz;Sozialdemokratische Fraktion;7;18157;46935;13;90
3871;Bischof Pirmin;m;Ständerat;Christlichdemokratische Volkspartei der Schweiz;CVP-Fraktion;0;52255;95575;14;184
477;Janiak Claude;m;Ständerat;Sozialdemokratische Partei der Schweiz;Sozialdemokratische Fraktion;0;26999;63298;13;132
3921;Graber Konrad;m;Ständerat;Christlichdemokratische Volkspartei der Schweiz;CVP-Fraktion;0;42376;96044;13;193
1150;Levrat Christian;m;Ständerat;Sozialdemokratische Partei der Schweiz;Sozialdemokratische Fraktion;0;44015;116849;13;141
466;Fetz Anita;f;Ständerat;Sozialdemokratische Partei der Schweiz;Sozialdemokratische Fraktion;0;46110;84506;13;241
502;Riklin Kathy;f;Nationalrat;Christlichdemokratische Volkspartei der Schweiz;CVP-Fraktion;0;10038;19582;14;75
4030;Birrer-Heimo Prisca;f;Nationalrat;Sozialdemokratische Partei der Schweiz;Sozialdemokratische Fraktion;0;22232;44724;15;109
4075;Caroni Andrea;m;Ständerat;FDP.Die Liberalen;FDP-Liberale Fraktion;0;19038;58031;12;113
1162;Kuprecht Alex;m;Ständerat;Schweizerische Volkspartei;Fraktion der Schweizerischen Volkspartei;0;26110;53949;12;73
4068;Eberle Roland;m;Ständerat;Schweizerische Volkspartei;Fraktion der Schweizerischen Volkspartei;0;16288;37988;12;111
823;Bruderer Wyss Pascale;f;Ständerat;Sozialdemokratische Partei der Schweiz;Sozialdemokratische Fraktion;0;20291;46496;15;101
4153;Hegglin Peter;m;Ständerat;Christlichdemokratische Volkspartei der Schweiz;CVP-Fraktion;0;27008;54353;12;79
4121;Gysi Barbara;f;Nationalrat;Sozialdemokratische Partei der Schweiz;Sozialdemokratische Fraktion;0;17040;37562;14;123
825;Germann Hannes;m;Ständerat;Schweizerische Volkspartei;Fraktion der Schweizerischen Volkspartei;0;52310;105927;13;217
4078;Schmid Martin;m;Ständerat;FDP.Die Liberalen;FDP-Liberale Fraktion;0;47342;101330;13;231
4055;Engler Stefan;m;Ständerat;Christlichdemokratische Volkspartei der Schweiz;CVP-Fraktion;0;46116;88971;13;151
172;Rechsteiner Paul;m;Ständerat;Sozialdemokratische Partei der Schweiz;Sozialdemokratische Fraktion;0;37781;82227;13;118
4067;Brand Heinz;m;Nationalrat;Schweizerische Volkspartei;Fraktion der Schweizerischen Volkspartei;0;8021;15081;14;44
4205;Vonlanthen Beat;m;Ständerat;Christlichdemokratische Volkspartei der Schweiz;CVP-Fraktion;0;27312;56049;12;93
4149;Häsler Christine;f;Nationalrat;Grüne Partei der Schweiz;Grüne Fraktion;0;7512;16115;10;39
4204;Rieder Beat;m;Ständerat;Christlichdemokratische Volkspartei der Schweiz;CVP-Fraktion;0;27220;62795;12;110
4210;Thurnherr Walter;m;;Christlichdemokratische Volkspartei der Schweiz;;0;7716;19308;10;85
4189;Burkart Thierry;m;Nationalrat;FDP.Die Liberalen;FDP-Liberale Fraktion;0;8787;19533;13;44
4072;Regazzi Fabio;m;Nationalrat;Christlichdemokratische Volkspartei der Schweiz;CVP-Fraktion;0;13054;30896;15;61
3915;Fournier Jean-René;m;Ständerat;Christlichdemokratische Volkspartei der Schweiz;CVP-Fraktion;280;25343;50368;13;347
488;Leuthard Doris;f;Bundesrat;Christlichdemokratische Volkspartei der Schweiz;;299;154813;332327;14;863
91;Giezendanner Ulrich;m;Nationalrat;Schweizerische Volkspartei;Fraktion der Schweizerischen Volkspartei;0;5310;13431;14;96
1122;Fluri Kurt;m;Nationalrat;FDP.Die Liberalen;FDP-Liberale Fraktion;0;21779;46943;15;142
4139;Hefti Thomas;m;Ständerat;FDP.Die Liberalen;FDP-Liberale Fraktion;0;14370;29252;13;86
4058;Badran Jacqueline;f;Nationalrat;Sozialdemokratische Partei der Schweiz;Sozialdemokratische Fraktion;0;7990;15461;14;95
4207;Müller Damian;m;Ständerat;FDP.Die Liberalen;FDP-Liberale Fraktion;0;21440;44676;12;79
4070;Candinas Martin;m;Nationalrat;Christlichdemokratische Volkspartei der Schweiz;CVP-Fraktion;0;8729;18422;14;43
3914;Cramer Robert;m;Ständerat;Grüne Partei der Schweiz;Grüne Fraktion;0;40697;95365;13;130
4076;Hadorn Philipp;m;Nationalrat;Sozialdemokratische Partei der Schweiz;Sozialdemokratische Fraktion;0;28773;62339;15;133
4083;Grossen Jürg;m;Nationalrat;Grünliberale Partei;Grünliberale Fraktion;0;16408;35975;14;93
4188;Borloz Frédéric;m;Nationalrat;FDP.Die Liberalen;FDP-Liberale Fraktion;0;4581;12084;11;19
540;Lombardi Filippo;m;Ständerat;Christlichdemokratische Volkspartei der Schweiz;CVP-Fraktion;0;26278;56555;13;107
4018;Maire Jacques-André;m;Nationalrat;Sozialdemokratische Partei der Schweiz;Sozialdemokratische Fraktion;0;10698;27126;15;55
4026;Comte Raphaël;m;Ständerat;FDP.Die Liberalen;FDP-Liberale Fraktion;1023;48091;140323;13;1073
3888;Hiltpold Hugues;m;Nationalrat;FDP.Die Liberalen;FDP-Liberale Fraktion;0;7680;22012;10;36
4082;Guhl Bernhard;m;Nationalrat;Bürgerlich-Demokratische Partei Schweiz;Fraktion BD;0;14327;31383;15;116
354;Semadeni Silva;f;Nationalrat;Sozialdemokratische Partei der Schweiz;Sozialdemokratische Fraktion;0;9812;18796;14;64
4095;Rytz Regula;f;Nationalrat;Grüne Partei der Schweiz;Grüne Fraktion;0;17832;41179;14;105
1135;Amstutz Adrian;m;Nationalrat;Schweizerische Volkspartei;Fraktion der Schweizerischen Volkspartei;0;9252;18308;15;117
4125;Rutz Gregor;m;Nationalrat;Schweizerische Volkspartei;Fraktion der Schweizerischen Volkspartei;0;13936;36433;13;100
4191;Genecand Benoît;m;Nationalrat;FDP.Die Liberalen;FDP-Liberale Fraktion;0;10031;26808;11;61
3885;Grin Jean-Pierre;m;Nationalrat;Schweizerische Volkspartei;Fraktion der Schweizerischen Volkspartei;0;17271;41496;15;101
4169;Page Pierre-André;m;Nationalrat;Schweizerische Volkspartei;Fraktion der Schweizerischen Volkspartei;0;6216;15257;13;39
4220;Roduit Benjamin;m;Nationalrat;Christlichdemokratische Volkspartei der Schweiz;CVP-Fraktion;0;4877;12856;4;29
341;Maury Pasquier Liliane;f;Ständerat;Sozialdemokratische Partei der Schweiz;Sozialdemokratische Fraktion;0;17187;46389;12;77
4157;Bühler Manfred;m;Nationalrat;Schweizerische Volkspartei;Fraktion der Schweizerischen Volkspartei;0;6309;17169;11;40
1119;Rime Jean-François;m;Nationalrat;Schweizerische Volkspartei;Fraktion der Schweizerischen Volkspartei;0;4637;11746;12;80
4088;Baumann Isidor;m;Ständerat;Christlichdemokratische Volkspartei der Schweiz;CVP-Fraktion;0;32330;69708;16;112
525;Zanetti Roberto;m;Ständerat;Sozialdemokratische Partei der Schweiz;Sozialdemokratische Fraktion;0;23976;54879;11;120
4056;Fässler Daniel;m;Nationalrat;Christlichdemokratische Volkspartei der Schweiz;CVP-Fraktion;0;9936;19645;12;58
4103;Hausammann Markus;m;Nationalrat;Schweizerische Volkspartei;Fraktion der Schweizerischen Volkspartei;0;9540;17096;15;119
4131;Friedl Claudia;f;Nationalrat;Sozialdemokratische Partei der Schweiz;Sozialdemokratische Fraktion;0;11624;21722;15;76
4059;Flach Beat;m;Nationalrat;Grünliberale Partei;Grünliberale Fraktion;0;37475;86668;15;191
4098;Keller Peter;m;Nationalrat;Schweizerische Volkspartei;Fraktion der Schweizerischen Volkspartei;0;8594;17449;11;68
4170;Ruppen Franz;m;Nationalrat;Schweizerische Volkspartei;Fraktion der Schweizerischen Volkspartei;0;3041;6602;7;13
4208;Jauslin Matthias Samuel;m;Nationalrat;FDP.Die Liberalen;FDP-Liberale Fraktion;0;13481;28325;14;113
4162;Grüter Franz;m;Nationalrat;Schweizerische Volkspartei;Fraktion der Schweizerischen Volkspartei;0;8337;17825;12;67
4025;Büchel Roland Rino;m;Nationalrat;Schweizerische Volkspartei;Fraktion der Schweizerischen Volkspartei;0;7453;18383;15;80
4040;Schneider-Schneiter Elisabeth;f;Nationalrat;Christlichdemokratische Volkspartei der Schweiz;CVP-Fraktion;0;7002;14703;12;56
3830;Carobbio Guscetti Marina;f;Nationalrat;Sozialdemokratische Partei der Schweiz;Sozialdemokratische Fraktion;0;46264;111057;15;463
4097;Müller Leo;m;Nationalrat;Christlichdemokratische Volkspartei der Schweiz;CVP-Fraktion;0;31473;58947;15;142
3895;Lüscher Christian;m;Nationalrat;FDP.Die Liberalen;FDP-Liberale Fraktion;0;15433;41767;14;72
1318;Schelbert Louis;m;Nationalrat;Grüne Partei der Schweiz;Grüne Fraktion;0;23123;45475;12;117
4032;Jans Beat;m;Nationalrat;Sozialdemokratische Partei der Schweiz;Sozialdemokratische Fraktion;0;26544;56789;15;163
512;Sommaruga Simonetta;f;Bundesrat;Sozialdemokratische Partei der Schweiz;;54;214469;501492;15;1094
4182;Béglé Claude;m;Nationalrat;Christlichdemokratische Volkspartei der Schweiz;CVP-Fraktion;0;20101;55055;14;99
1120;Sommaruga Carlo;m;Nationalrat;Sozialdemokratische Partei der Schweiz;Sozialdemokratische Fraktion;0;22215;59810;15;161
801;Abate Fabio;m;Ständerat;FDP.Die Liberalen;FDP-Liberale Fraktion;0;25290;51723;14;167
4116;Gössi Petra;f;Nationalrat;FDP.Die Liberalen;FDP-Liberale Fraktion;0;6295;13111;11;32
4141;Portmann Hans-Peter;m;Nationalrat;FDP.Die Liberalen;FDP-Liberale Fraktion;0;10832;23545;15;96
4140;Merlini Giovanni;m;Nationalrat;FDP.Die Liberalen;FDP-Liberale Fraktion;0;13737;29152;11;50
3891;Jositsch Daniel;m;Ständerat;Sozialdemokratische Partei der Schweiz;Sozialdemokratische Fraktion;0;22559;47593;12;68
3920;Seydoux-Christe Anne;f;Ständerat;Christlichdemokratische Volkspartei der Schweiz;CVP-Fraktion;0;14293;37197;12;72
173;Reimann Maximilian;m;Nationalrat;Schweizerische Volkspartei;Fraktion der Schweizerischen Volkspartei;0;5946;10946;14;57
305;Berberat Didier;m;Ständerat;Sozialdemokratische Partei der Schweiz;Sozialdemokratische Fraktion;0;23427;68458;13;123
1148;Savary Géraldine;f;Ständerat;Sozialdemokratische Partei der Schweiz;Sozialdemokratische Fraktion;0;22973;54906;13;82
4077;Feller Olivier;m;Nationalrat;FDP.Die Liberalen;FDP-Liberale Fraktion;0;25545;60755;15;122
3879;Français Olivier;m;Ständerat;FDP.Die Liberalen;FDP-Liberale Fraktion;0;27364;84764;11;131
4152;Wicki Hans;m;Ständerat;FDP.Die Liberalen;FDP-Liberale Fraktion;0;14338;30680;12;60
508;Schneider-Ammann Johann N.;m;Bundesrat;FDP.Die Liberalen;;0;114011;208685;14;642
4145;Hösli Werner;m;Ständerat;Schweizerische Volkspartei;Fraktion der Schweizerischen Volkspartei;0;33695;66806;13;113
1106;Häberli-Koller Brigitte;f;Ständerat;Christlichdemokratische Volkspartei der Schweiz;CVP-Fraktion;0;22467;43611;13;116
4137;Golay Roger;m;Nationalrat;Mouvement Citoyens Genevois;Fraktion der Schweizerischen Volkspartei;0;8342;22243;12;43
3918;Luginbühl Werner;m;Ständerat;Bürgerlich-Demokratische Partei Schweiz;Fraktion BD;0;28535;57605;13;157
1153;Noser Ruedi;m;Ständerat;FDP.Die Liberalen;FDP-Liberale Fraktion;0;30586;79595;13;137
4168;Nicolet Jacques;m;Nationalrat;Schweizerische Volkspartei;Fraktion der Schweizerischen Volkspartei;0;3204;8364;13;31
4093;Glättli Balthasar;m;Nationalrat;Grüne Partei der Schweiz;Grüne Fraktion;0;38716;78391;15;214
4074;Fridez Pierre-Alain;m;Nationalrat;Sozialdemokratische Partei der Schweiz;Sozialdemokratische Fraktion;0;12557;35315;15;83
3872;Bourgeois Jacques;m;Nationalrat;FDP.Die Liberalen;FDP-Liberale Fraktion;0;10742;30271;15;67
4193;Nantermod Philippe;m;Nationalrat;FDP.Die Liberalen;FDP-Liberale Fraktion;0;11470;34929;13;67
4187;Bauer Philippe;m;Nationalrat;FDP.Die Liberalen;FDP-Liberale Fraktion;0;20826;49276;14;99
4186;Mazzone Lisa;f;Nationalrat;Grüne Partei der Schweiz;Grüne Fraktion;0;34601;99980;15;183
4110;Egloff Hans;m;Nationalrat;Schweizerische Volkspartei;Fraktion der Schweizerischen Volkspartei;0;8787;14805;14;56
4167;Martullo-Blocher Magdalena;f;Nationalrat;Schweizerische Volkspartei;Fraktion der Schweizerischen Volkspartei;0;5551;10978;11;85
4053;Aeschi Thomas;m;Nationalrat;Schweizerische Volkspartei;Fraktion der Schweizerischen Volkspartei;0;20626;47888;15;197
1131;Allemann Evi;f;Nationalrat;Sozialdemokratische Partei der Schweiz;Sozialdemokratische Fraktion;0;5348;12038;13;35
4060;Schneeberger Daniela;f;Nationalrat;FDP.Die Liberalen;FDP-Liberale Fraktion;0;8545;19822;13;58
4160;Dettling Marcel;m;Nationalrat;Schweizerische Volkspartei;Fraktion der Schweizerischen Volkspartei;0;5182;11414;12;31
4199;Seiler Graf Priska;f;Nationalrat;Sozialdemokratische Partei der Schweiz;Sozialdemokratische Fraktion;0;5914;12843;13;39
3867;Aebi Andreas;m;Nationalrat;Schweizerische Volkspartei;Fraktion der Schweizerischen Volkspartei;0;4311;9539;14;45
1147;Kiener Nellen Margret;f;Nationalrat;Sozialdemokratische Partei der Schweiz;Sozialdemokratische Fraktion;0;18827;31145;14;115
4173;Sollberger Sandra;f;Nationalrat;Schweizerische Volkspartei;Fraktion der Schweizerischen Volkspartei;0;4974;10475;13;43
4209;Bigler Hans-Ulrich;m;Nationalrat;FDP.Die Liberalen;FDP-Liberale Fraktion;0;17001;32468;15;104
4087;Gschwind Jean-Paul;m;Nationalrat;Christlichdemokratische Volkspartei der Schweiz;CVP-Fraktion;0;16417;45782;13;65
1156;Heim Bea;f;Nationalrat;Sozialdemokratische Partei der Schweiz;Sozialdemokratische Fraktion;0;19173;38508;14;101
4045;Pardini Corrado;m;Nationalrat;Sozialdemokratische Partei der Schweiz;Sozialdemokratische Fraktion;0;26002;44772;15;131
4154;Addor Jean-Luc;m;Nationalrat;Schweizerische Volkspartei;Fraktion der Schweizerischen Volkspartei;0;12621;30106;14;84
4184;Arslan Sibel;f;Nationalrat;Grüne (Basels starke Alternative);Grüne Fraktion;0;19871;39396;13;115
4051;de Courten Thomas;m;Nationalrat;Schweizerische Volkspartei;Fraktion der Schweizerischen Volkspartei;0;14039;31579;13;91
4179;Zuberbühler David;m;Nationalrat;Schweizerische Volkspartei;Fraktion der Schweizerischen Volkspartei;0;4732;9604;11;22
1295;Graf-Litscher Edith;f;Nationalrat;Sozialdemokratische Partei der Schweiz;Sozialdemokratische Fraktion;0;9254;17488;13;50
307;Brunner Toni;m;Nationalrat;Schweizerische Volkspartei;Fraktion der Schweizerischen Volkspartei;0;8259;17140;13;45
3875;Eichenberger-Walther Corina;f;Nationalrat;FDP.Die Liberalen;FDP-Liberale Fraktion;0;3908;6558;9;14
3890;Hurter Thomas;m;Nationalrat;Schweizerische Volkspartei;Fraktion der Schweizerischen Volkspartei;0;8656;20675;13;56
4180;Ammann Thomas;m;Nationalrat;Christlichdemokratische Volkspartei der Schweiz;CVP-Fraktion;0;4363;9211;8;22
3882;Girod Bastien;m;Nationalrat;Grüne Partei der Schweiz;Grüne Fraktion;0;11457;27913;12;87
4120;Romano Marco;m;Nationalrat;Christlichdemokratische Volkspartei der Schweiz;CVP-Fraktion;0;16939;37364;13;74
3907;Thorens Goumaz Adèle;f;Nationalrat;Grüne Partei der Schweiz;Grüne Fraktion;0;11933;33150;14;50
4161;Glarner Andreas;m;Nationalrat;Schweizerische Volkspartei;Fraktion der Schweizerischen Volkspartei;0;6064;14621;12;76
3912;Wasserfallen Christian;m;Nationalrat;FDP.Die Liberalen;FDP-Liberale Fraktion;0;20826;50055;15;143
1139;Markwalder Christa;f;Nationalrat;FDP.Die Liberalen;FDP-Liberale Fraktion;0;69498;167093;13;1021
4163;Hess Erich;m;Nationalrat;Schweizerische Volkspartei;Fraktion der Schweizerischen Volkspartei;0;1928;3342;12;30
1137;Müller Walter;m;Nationalrat;FDP.Die Liberalen;FDP-Liberale Fraktion;0;15029;30048;15;90
4214;Gugger Niklaus-Samuel;m;Nationalrat;Evangelische Volkspartei der Schweiz;CVP-Fraktion;0;1043;2218;4;5
4217;Cattaneo Rocco;m;Nationalrat;FDP.Die Liberalen;FDP-Liberale Fraktion;0;1486;3189;4;6
4156;Buffat Michaël;m;Nationalrat;Schweizerische Volkspartei;Fraktion der Schweizerischen Volkspartei;0;2108;6334;10;19
4175;Tuena Mauro;m;Nationalrat;Schweizerische Volkspartei;Fraktion der Schweizerischen Volkspartei;0;8101;13796;14;96
4123;Schneider Schüttel Ursula;f;Nationalrat;Sozialdemokratische Partei der Schweiz;Sozialdemokratische Fraktion;0;8441;17191;9;42
4158;Burgherr Thomas;m;Nationalrat;Schweizerische Volkspartei;Fraktion der Schweizerischen Volkspartei;0;4782;8950;9;23
487;Leutenegger Oberholzer Susanne;f;Nationalrat;Sozialdemokratische Partei der Schweiz;Sozialdemokratische Fraktion;0;31311;67846;15;245
4203;Barrile Angelo;m;Nationalrat;Sozialdemokratische Partei der Schweiz;Sozialdemokratische Fraktion;0;6609;14397;13;50
3886;Grunder Hans;m;Nationalrat;Bürgerlich-Demokratische Partei Schweiz;Fraktion BD;0;9267;19388;11;64
3902;Rickli Natalie;f;Nationalrat;Schweizerische Volkspartei;Fraktion der Schweizerischen Volkspartei;0;6973;17376;11;53
4138;Barazzone Guillaume;m;Nationalrat;Christlichdemokratische Volkspartei der Schweiz;CVP-Fraktion;0;13092;35995;10;51
4090;Amaudruz Céline;f;Nationalrat;Schweizerische Volkspartei;Fraktion der Schweizerischen Volkspartei;0;13964;37071;13;71
4164;Imark Christian;m;Nationalrat;Schweizerische Volkspartei;Fraktion der Schweizerischen Volkspartei;0;8546;15586;14;76
4174;Steinemann Barbara;f;Nationalrat;Schweizerische Volkspartei;Fraktion der Schweizerischen Volkspartei;0;4827;9961;10;45
3831;Bischofberger Ivo;m;Ständerat;Christlichdemokratische Volkspartei der Schweiz;CVP-Fraktion;1004;55458;131813;14;1102
4201;de la Reussille Denis;m;Nationalrat;Partei der Arbeit der Schweiz;Grüne Fraktion;0;5515;14212;13;24
4106;Naef Martin;m;Nationalrat;Sozialdemokratische Partei der Schweiz;Sozialdemokratische Fraktion;0;4755;10612;12;33
3897;Moser Tiana Angelina;f;Nationalrat;Grünliberale Partei;Grünliberale Fraktion;0;9964;23223;15;47
214;Stamm Luzi;m;Nationalrat;Schweizerische Volkspartei;Fraktion der Schweizerischen Volkspartei;0;9209;20005;11;49
4052;Ritter Markus;m;Nationalrat;Christlichdemokratische Volkspartei der Schweiz;CVP-Fraktion;0;12611;26761;14;88
3883;Glauser-Zufferey Alice;f;Nationalrat;Schweizerische Volkspartei;Fraktion der Schweizerischen Volkspartei;0;3974;10575;11;22
3910;von Siebenthal Erich;m;Nationalrat;Schweizerische Volkspartei;Fraktion der Schweizerischen Volkspartei;0;5780;10513;11;51
1111;Müri Felix;m;Nationalrat;Schweizerische Volkspartei;Fraktion der Schweizerischen Volkspartei;0;2411;5411;5;30
4054;Vitali Albert;m;Nationalrat;FDP.Die Liberalen;FDP-Liberale Fraktion;0;14630;28617;14;81
3931;Weibel Thomas;m;Nationalrat;Grünliberale Partei;Grünliberale Fraktion;0;31598;60537;15;147
4198;Meyer Mattea;f;Nationalrat;Sozialdemokratische Partei der Schweiz;Sozialdemokratische Fraktion;0;10775;24502;13;71
4064;Eder Joachim;m;Ständerat;FDP.Die Liberalen;FDP-Liberale Fraktion;0;27714;55846;13;100
4212;Egger Thomas;m;Nationalrat;Christlichsoziale Volkspartei Oberwallis;CVP-Fraktion;0;4629;12658;6;27
4008;Landolt Martin;m;Nationalrat;Bürgerlich-Demokratische Partei Schweiz;Fraktion BD;0;8846;21873;15;70
3887;Heer Alfred;m;Nationalrat;Schweizerische Volkspartei;Fraktion der Schweizerischen Volkspartei;0;4657;9978;11;31
1108;Parmelin Guy;m;Bundesrat;Schweizerische Volkspartei;;0;51091;122042;13;256
4096;Gmür Alois;m;Nationalrat;Christlichdemokratische Volkspartei der Schweiz;CVP-Fraktion;0;12943;26994;15;95
4084;Pezzatti Bruno;m;Nationalrat;FDP.Die Liberalen;FDP-Liberale Fraktion;0;9110;15231;11;50
4063;Müller-Altermatt Stefan;m;Nationalrat;Christlichdemokratische Volkspartei der Schweiz;CVP-Fraktion;0;10737;26075;12;63
4146;Siegenthaler Heinz;m;Nationalrat;Bürgerlich-Demokratische Partei Schweiz;Fraktion BD;0;8123;15916;6;42
4190;Dobler Marcel;m;Nationalrat;FDP.Die Liberalen;FDP-Liberale Fraktion;0;4540;9385;14;31
4213;Bendahan Samuel;m;Nationalrat;Sozialdemokratische Partei der Schweiz;Sozialdemokratische Fraktion;0;5006;15946;6;27
3878;Flückiger-Bäni Sylvia;f;Nationalrat;Schweizerische Volkspartei;Fraktion der Schweizerischen Volkspartei;0;10632;23751;13;58
3923;Marra Ada;f;Nationalrat;Sozialdemokratische Partei der Schweiz;Sozialdemokratische Fraktion;0;10738;31659;15;65
4100;Rösti Albert;m;Nationalrat;Schweizerische Volkspartei;Fraktion der Schweizerischen Volkspartei;0;9405;20321;13;101
3898;Nidegger Yves;m;Nationalrat;Schweizerische Volkspartei;Fraktion der Schweizerischen Volkspartei;0;15610;43401;15;82
4085;Vogler Karl;m;Nationalrat;Christlich-soziale Partei Obwalden;CVP-Fraktion;0;36551;64693;15;153
1267;Stöckli Hans;m;Ständerat;Sozialdemokratische Partei der Schweiz;Sozialdemokratische Fraktion;0;27626;55680;13;123
4195;Fehlmann Rielle Laurence;f;Nationalrat;Sozialdemokratische Partei der Schweiz;Sozialdemokratische Fraktion;0;13634;36369;15;65
1141;Müller Philipp;m;Ständerat;FDP.Die Liberalen;FDP-Liberale Fraktion;0;23574;51306;12;91
4102;Bertschy Kathrin;f;Nationalrat;Grünliberale Partei;Grünliberale Fraktion;0;19292;45374;14;116
4178;Zanetti Claudio;m;Nationalrat;Schweizerische Volkspartei;Fraktion der Schweizerischen Volkspartei;0;4682;9766;11;41
1159;Schwander Pirmin;m;Nationalrat;Schweizerische Volkspartei;Fraktion der Schweizerischen Volkspartei;0;21281;43647;14;140
1125;Galladé Chantal;f;Nationalrat;Sozialdemokratische Partei der Schweiz;Sozialdemokratische Fraktion;0;5008;11528;10;41
4046;Quadri Lorenzo;m;Nationalrat;Lega dei Ticinesi;Fraktion der Schweizerischen Volkspartei;0;4727;10697;9;20
4206;Ettlin Erich;m;Ständerat;Christlichdemokratische Volkspartei der Schweiz;CVP-Fraktion;0;17482;43992;13;69
4176;Vogt Hans-Ueli;m;Nationalrat;Schweizerische Volkspartei;Fraktion der Schweizerischen Volkspartei;0;8371;18565;14;72
1071;Humbel Ruth;f;Nationalrat;Christlichdemokratische Volkspartei der Schweiz;CVP-Fraktion;0;26830;53233;14;119
3876;Estermann Yvette;f;Nationalrat;Schweizerische Volkspartei;Fraktion der Schweizerischen Volkspartei;0;4202;8507;10;39
3904;Schmid-Federer Barbara;f;Nationalrat;Christlichdemokratische Volkspartei der Schweiz;CVP-Fraktion;0;11042;24884;11;53
4202;Sauter Regine;f;Nationalrat;FDP.Die Liberalen;FDP-Liberale Fraktion;0;8183;17947;12;55
4094;Hess Lorenz;m;Nationalrat;Bürgerlich-Demokratische Partei Schweiz;Fraktion BD;0;14409;31467;13;70
3877;Fiala Doris;f;Nationalrat;FDP.Die Liberalen;FDP-Liberale Fraktion;0;6341;12301;11;41
1104;Büchler Jakob;m;Nationalrat;Christlichdemokratische Volkspartei der Schweiz;CVP-Fraktion;0;5987;11397;11;38
3901;Reimann Lukas;m;Nationalrat;Schweizerische Volkspartei;Fraktion der Schweizerischen Volkspartei;0;12657;29303;13;84
4069;Feri Yvonne;f;Nationalrat;Sozialdemokratische Partei der Schweiz;Sozialdemokratische Fraktion;0;8674;18856;15;52
4142;Walti Beat;m;Nationalrat;FDP.Die Liberalen;FDP-Liberale Fraktion;0;19708;38200;14;81
1279;Nordmann Roger;m;Nationalrat;Sozialdemokratische Partei der Schweiz;Sozialdemokratische Fraktion;0;11448;31316;14;84
1337;Glanzmann-Hunkeler Ida;f;Nationalrat;Christlichdemokratische Volkspartei der Schweiz;CVP-Fraktion;0;8520;17665;12;37
1109;Pfister Gerhard;m;Nationalrat;Christlichdemokratische Volkspartei der Schweiz;CVP-Fraktion;0;5999;14519;15;51
1138;Bäumle Martin;m;Nationalrat;Grünliberale Partei;Grünliberale Fraktion;0;17552;45825;13;88
4144;Matter Thomas;m;Nationalrat;Schweizerische Volkspartei;Fraktion der Schweizerischen Volkspartei;0;9937;17590;14;98
3899;Nussbaumer Eric;m;Nationalrat;Sozialdemokratische Partei der Schweiz;Sozialdemokratische Fraktion;0;11242;24941;14;79
4172;Salzmann Werner;m;Nationalrat;Schweizerische Volkspartei;Fraktion der Schweizerischen Volkspartei;0;9047;20200;13;92
4216;Gutjahr Diana;f;Nationalrat;Schweizerische Volkspartei;Fraktion der Schweizerischen Volkspartei;0;719;1625;4;8
4079;Derder Fathi;m;Nationalrat;FDP.Die Liberalen;FDP-Liberale Fraktion;0;7681;24555;13;51
1129;Schenker Silvia;f;Nationalrat;Sozialdemokratische Partei der Schweiz;Sozialdemokratische Fraktion;0;9046;18848;13;53
4143;Ruiz Rebecca Ana;f;Nationalrat;Sozialdemokratische Partei der Schweiz;Sozialdemokratische Fraktion;0;12429;38099;13;53
4118;Lohr Christian;m;Nationalrat;Christlichdemokratische Volkspartei der Schweiz;CVP-Fraktion;0;8110;13998;12;30
4219;Crottaz Brigitte;f;Nationalrat;Sozialdemokratische Partei der Schweiz;Sozialdemokratische Fraktion;0;1740;5536;3;7
4155;Arnold Beat;m;Nationalrat;Schweizerische Volkspartei;Fraktion der Schweizerischen Volkspartei;0;1948;3847;7;15
4200;Campell Duri;m;Nationalrat;Bürgerlich-Demokratische Partei Schweiz;Fraktion BD;0;4097;7239;11;28
4177;Walliser Bruno;m;Nationalrat;Schweizerische Volkspartei;Fraktion der Schweizerischen Volkspartei;0;1485;2869;7;12
4124;Schilliger Peter;m;Nationalrat;FDP.Die Liberalen;FDP-Liberale Fraktion;0;9745;19570;13;65
1142;Wobmann Walter;m;Nationalrat;Schweizerische Volkspartei;Fraktion der Schweizerischen Volkspartei;0;4132;6795;9;35
3828;Cassis Ignazio;m;Bundesrat;FDP.Die Liberalen;;0;26728;53154;13;155
3880;Geissbühler Andrea Martina;f;Nationalrat;Schweizerische Volkspartei;Fraktion der Schweizerischen Volkspartei;0;3404;7078;11;30
4065;Pieren Nadja;f;Nationalrat;Schweizerische Volkspartei;Fraktion der Schweizerischen Volkspartei;0;3199;6891;11;32
4101;Bulliard-Marbach Christine;f;Nationalrat;Christlichdemokratische Volkspartei der Schweiz;CVP-Fraktion;0;9719;19784;14;42
4130;Masshardt Nadine;f;Nationalrat;Sozialdemokratische Partei der Schweiz;Sozialdemokratische Fraktion;0;3385;7672;10;23
4109;Piller Carrard Valérie;f;Nationalrat;Sozialdemokratische Partei der Schweiz;Sozialdemokratische Fraktion;0;9318;24054;13;50
4166;Köppel Roger;m;Nationalrat;Schweizerische Volkspartei;Fraktion der Schweizerischen Volkspartei;0;6246;11965;11;57
4113;Tornare Manuel;m;Nationalrat;Sozialdemokratische Partei der Schweiz;Sozialdemokratische Fraktion;0;6276;16418;11;33
4159;Chiesa Marco;m;Nationalrat;Schweizerische Volkspartei;Fraktion der Schweizerischen Volkspartei;0;1639;4182;8;12
4222;Paganini Nicolo;m;Nationalrat;Christlichdemokratische Volkspartei der Schweiz;CVP-Fraktion;0;2533;4642;3;11
1345;Müller Thomas;m;Nationalrat;Schweizerische Volkspartei;Fraktion der Schweizerischen Volkspartei;0;8423;15343;14;53
4042;Frehner Sebastian;m;Nationalrat;Schweizerische Volkspartei;Fraktion der Schweizerischen Volkspartei;0;10327;20937;12;78
4114;Knecht Hansjörg;m;Nationalrat;Schweizerische Volkspartei;Fraktion der Schweizerischen Volkspartei;0;7294;14229;12;39
4221;Töngi Michael;m;Nationalrat;Grüne Partei der Schweiz;Grüne Fraktion;0;2605;5966;3;19
4073;Pantani Roberta;f;Nationalrat;Lega dei Ticinesi;Fraktion der Schweizerischen Volkspartei;0;4278;9562;10;19
4223;Molina Fabian;m;Nationalrat;Sozialdemokratische Partei der Schweiz;Sozialdemokratische Fraktion;0;1222;2495;3;20
4194;Wehrli Laurent;m;Nationalrat;FDP.Die Liberalen;FDP-Liberale Fraktion;0;5171;14734;11;30
4215;Brunner Hansjörg;m;Nationalrat;FDP.Die Liberalen;FDP-Liberale Fraktion;0;808;1736;2;5
4057;Wermuth Cédric;m;Nationalrat;Sozialdemokratische Partei der Schweiz;Sozialdemokratische Fraktion;0;10441;25623;12;89
4226;Wüthrich Adrian;m;Nationalrat;Sozialdemokratische Partei der Schweiz;Sozialdemokratische Fraktion;0;524;1288;2;6
4128;Trede Aline;f;Nationalrat;Grüne Partei der Schweiz;Grüne Fraktion;0;1699;3983;3;14
4197;Marti Min Li;f;Nationalrat;Sozialdemokratische Partei der Schweiz;Sozialdemokratische Fraktion;0;3055;6419;9;24
4224;Wasserfallen Flavia;f;Nationalrat;Sozialdemokratische Partei der Schweiz;Sozialdemokratische Fraktion;0;1500;2908;2;11
4225;Kutter Philipp;m;Nationalrat;Christlichdemokratische Volkspartei der Schweiz;CVP-Fraktion;0;1159;2529;2;11
4165;Keller-Inhelder Barbara;f;Nationalrat;Schweizerische Volkspartei;Fraktion der Schweizerischen Volkspartei;0;300;528;1;2
4107;Amarelle Cesla;f;Nationalrat;Sozialdemokratische Partei der Schweiz;Sozialdemokratische Fraktion;0;10176;28976;8;42
3905;Schmidt Roberto;m;Nationalrat;Christlichdemokratische Volkspartei der Schweiz;CVP-Fraktion;0;5146;11604;7;29
1116;Burkhalter Didier;m;Bundesrat;FDP.Die Liberalen;;0;52524;150135;8;206
4031;Ingold Maja;f;Nationalrat;Evangelische Volkspartei der Schweiz;CVP-Fraktion;0;4486;8522;7;23
4115;Schwaab Jean Christophe;m;Nationalrat;Sozialdemokratische Partei der Schweiz;Sozialdemokratische Fraktion;0;11837;35939;11;81
4185;Fricker Jonas;m;Nationalrat;Grüne Partei der Schweiz;Grüne Fraktion;0;6577;12932;9;36
519;Walter Hansjörg;m;Nationalrat;Schweizerische Volkspartei;Fraktion der Schweizerischen Volkspartei;0;6443;11336;9;35
4196;Guldimann Tim;m;Nationalrat;Sozialdemokratische Partei der Schweiz;Sozialdemokratische Fraktion;0;3135;6576;7;21
4086;Buttet Yannick;m;Nationalrat;Christlichdemokratische Volkspartei der Schweiz;CVP-Fraktion;0;4033;10420;9;27
4071;Gasche Urs;m;Nationalrat;Bürgerlich-Demokratische Partei Schweiz;Fraktion BD;0;3469;6197;5;16
224;Tschäppät Alexander;m;Nationalrat;Sozialdemokratische Partei der Schweiz;Sozialdemokratische Fraktion;0;2397;5182;8;9
3865;Steiert Jean-François;m;Nationalrat;Sozialdemokratische Partei der Schweiz;Sozialdemokratische Fraktion;0;11007;31583;6;48
3902;Rickli Natalie Simone;f;Nationalrat;Schweizerische Volkspartei;Fraktion der Schweizerischen Volkspartei;0;1061;2832;3;9
3934;Widmer-Schlumpf Eveline;f;Bundesrat;Bürgerlich-Demokratische Partei Schweiz;;0;13492;32920;1;67
1310;Casanova Corina;f;;Christlichdemokratische Volkspartei der Schweiz;;0;307;1056;1;3
